PDSS1	ABTB1
PDSS1	ACLY
PDSS1	ACYP2
PDSS1	AGO4
PDSS1	AHCYL2
PDSS1	AHNAK
PDSS1	AHSA1
PDSS1	AIFM1
PDSS1	AIMP2
PDSS1	AKAP9
PDSS1	ANKRA2
PDSS1	APOO
PDSS1	APPBP2
PDSS1	ARAP1
PDSS1	ASAH1
PDSS1	ATAD3A
PDSS1	ATG14
PDSS1	ATP5MC1
PDSS1	ATP6AP2
PDSS1	AUNIP
PDSS1	AURKA
PDSS1	AURKAIP1
PDSS1	AURKB
PDSS1	BBS2
PDSS1	BCAS3
PDSS1	BICRAL
PDSS1	BIRC5
PDSS1	BLM
PDSS1	BLMH
PDSS1	BOP1
PDSS1	BORA
PDSS1	BRCA2
PDSS1	BRIX1
PDSS1	BUB1
PDSS1	BUB1B
PDSS1	BUB3
PDSS1	BYSL
PDSS1	BZW2
PDSS1	C1orf112
PDSS1	C1QBP
PDSS1	C9orf40
PDSS1	CAD
PDSS1	CALCOCO1
PDSS1	CAMK1D
PDSS1	CARF
PDSS1	CBFA2T2
PDSS1	CBX7
PDSS1	CCDC86
PDSS1	CCDC92
PDSS1	CCNA2
PDSS1	CCNB1
PDSS1	CCNB2
PDSS1	CCNE1
PDSS1	CCNE2
PDSS1	CCNG2
PDSS1	CCT2
PDSS1	CCT3
PDSS1	CCT5
PDSS1	CCT7
PDSS1	CDC123
PDSS1	CDC20
PDSS1	CDC25A
PDSS1	CDC45
PDSS1	CDC6
PDSS1	CDC7
PDSS1	CDCA4
PDSS1	CDCA8
PDSS1	CDIPT
PDSS1	CDK1
PDSS1	CDK19
PDSS1	CDK2
PDSS1	CDKN1B
PDSS1	CDKN1C
PDSS1	CENPM
PDSS1	CENPN
PDSS1	CENPQ
PDSS1	CENPS
PDSS1	CEP76
PDSS1	CEP83
PDSS1	CHAC2
PDSS1	CHAF1A
PDSS1	CHAF1B
PDSS1	CHD2
PDSS1	CHEK1
PDSS1	CHRNA5
PDSS1	CIAPIN1
PDSS1	CKS2
PDSS1	CLPB
PDSS1	CNOT9
PDSS1	COA7
PDSS1	COPS3
PDSS1	COQ3
PDSS1	CPQ
PDSS1	CREBRF
PDSS1	CSAD
PDSS1	CSE1L
PDSS1	CSTF2
PDSS1	CTBS
PDSS1	CTDSP2
PDSS1	CTPS1
PDSS1	CTSF
PDSS1	CTSO
PDSS1	CYC1
PDSS1	DARS2
PDSS1	DCLRE1A
PDSS1	DCLRE1B
PDSS1	DCTPP1
PDSS1	DDX11
PDSS1	DDX39A
PDSS1	DEPDC1
PDSS1	DHRS3
PDSS1	DHX15
PDSS1	DHX9
PDSS1	DLAT
PDSS1	DLGAP5
PDSS1	DNA2
PDSS1	DNAAF5
PDSS1	DNASE2
PDSS1	DONSON
PDSS1	DSCC1
PDSS1	DTL
PDSS1	DTYMK
PDSS1	E2F8
PDSS1	EBNA1BP2
PDSS1	EIF2B3
PDSS1	EIF2S1
PDSS1	EIF3B
PDSS1	EIF4G1
PDSS1	ELF1
PDSS1	ELOC
PDSS1	ELOVL6
PDSS1	EMG1
PDSS1	ENO1
PDSS1	ERCC6L
PDSS1	ERMAP
PDSS1	ETF1
PDSS1	EXO1
PDSS1	EXOSC2
PDSS1	EZH1
PDSS1	EZH2
PDSS1	FAM102A
PDSS1	FAM172A
PDSS1	FAM8A1
PDSS1	FANCI
PDSS1	FARSA
PDSS1	FASTKD1
PDSS1	FASTKD3
PDSS1	FBXO5
PDSS1	FDPS
PDSS1	FEN1
PDSS1	FH
PDSS1	FKBP4
PDSS1	FOXO4
PDSS1	GABARAPL1
PDSS1	GART
PDSS1	GEMIN2
PDSS1	GEMIN6
PDSS1	GINS1
PDSS1	GINS2
PDSS1	GINS3
PDSS1	GINS4
PDSS1	GLMN
PDSS1	GMNN
PDSS1	GNL2
PDSS1	GNL3
PDSS1	GPATCH4
PDSS1	GRPEL1
PDSS1	GSN
PDSS1	H2AFX
PDSS1	H2AFZ
PDSS1	HAT1
PDSS1	HBP1
PDSS1	HBS1L
PDSS1	HDAC5
PDSS1	HECA
PDSS1	HELLS
PDSS1	HERPUD1
PDSS1	HEXA
PDSS1	HGSNAT
PDSS1	HJURP
PDSS1	HMBS
PDSS1	HMGB3
PDSS1	HMMR
PDSS1	HNRNPA2B1
PDSS1	HNRNPAB
PDSS1	HPRT1
PDSS1	HSP90AB1
PDSS1	HSPA14
PDSS1	ICMT
PDSS1	IDH3A
PDSS1	IDUA
PDSS1	ILF2
PDSS1	IMMT
PDSS1	IMP4
PDSS1	ING4
PDSS1	IPO9
PDSS1	JAK1
PDSS1	KDM1A
PDSS1	KIAA0355
PDSS1	KIAA0513
PDSS1	KIAA1109
PDSS1	KIDINS220
PDSS1	KIF14
PDSS1	KIF15
PDSS1	KIF18A
PDSS1	KIF18B
PDSS1	KIF23
PDSS1	KIF2C
PDSS1	KIF4A
PDSS1	KIFC1
PDSS1	KLHDC1
PDSS1	KLHDC2
PDSS1	KLHL36
PDSS1	KNTC1
PDSS1	LAMB2
PDSS1	LARS2
PDSS1	LCMT2
PDSS1	LMBRD1
PDSS1	LMNB1
PDSS1	LMNB2
PDSS1	LPP
PDSS1	LRP10
PDSS1	LRP8
PDSS1	LRR1
PDSS1	LRRC59
PDSS1	LSM2
PDSS1	LSM6
PDSS1	LYAR
PDSS1	LYRM4
PDSS1	LYRM9
PDSS1	MAD2L1
PDSS1	MAN2B2
PDSS1	MANBA
PDSS1	MAPK8IP3
PDSS1	MAPRE1
PDSS1	MARCH2
PDSS1	MARCH8
PDSS1	MARF1
PDSS1	MASTL
PDSS1	MBNL2
PDSS1	MCM10
PDSS1	MCM2
PDSS1	MCM3
PDSS1	MCMBP
PDSS1	MCTS1
PDSS1	ME2
PDSS1	METTL1
PDSS1	MIS18A
PDSS1	MKI67
PDSS1	MLH1
PDSS1	MOAP1
PDSS1	MPDU1
PDSS1	MPHOSPH6
PDSS1	MRPL11
PDSS1	MRPL13
PDSS1	MRPL15
PDSS1	MRPL17
PDSS1	MRPL3
PDSS1	MRPL39
PDSS1	MRPL42
PDSS1	MRPS12
PDSS1	MRPS16
PDSS1	MRPS34
PDSS1	MRTO4
PDSS1	MSH6
PDSS1	MTCH2
PDSS1	MTMR3
PDSS1	MXI1
PDSS1	MYLIP
PDSS1	NAA15
PDSS1	NAA35
PDSS1	NASP
PDSS1	NAT10
PDSS1	NBR1
PDSS1	NCAPG
PDSS1	NCAPG2
PDSS1	NCBP1
PDSS1	NCLN
PDSS1	NDC1
PDSS1	NETO2
PDSS1	NIP7
PDSS1	NISCH
PDSS1	NMRK1
PDSS1	NOL10
PDSS1	NOL7
PDSS1	NOLC1
PDSS1	NOP16
PDSS1	NSD2
PDSS1	NUDT15
PDSS1	NUP107
PDSS1	NUP155
PDSS1	NUP205
PDSS1	NUP37
PDSS1	NUP54
PDSS1	NUP93
PDSS1	OGA
PDSS1	ORC1
PDSS1	ORC6
PDSS1	PAICS
PDSS1	PARP1
PDSS1	PBK
PDSS1	PBLD
PDSS1	PBXIP1
PDSS1	PCMTD1
PDSS1	PCMTD2
PDSS1	PCNA
PDSS1	PDCD11
PDSS1	PDK2
PDSS1	PES1
PDSS1	PGAP3
PDSS1	PHB
PDSS1	PIK3IP1
PDSS1	PINK1
PDSS1	PJA2
PDSS1	PLEKHM1
PDSS1	PLK4
PDSS1	PNO1
PDSS1	POLA2
PDSS1	POLD2
PDSS1	POLD3
PDSS1	POLE2
PDSS1	POLR3G
PDSS1	POLR3K
PDSS1	POP1
PDSS1	PPIH
PDSS1	PPM1G
PDSS1	PRKAB2
PDSS1	PRMT1
PDSS1	PRMT5
PDSS1	PRPF4
PDSS1	PSMA3
PDSS1	PSMA5
PDSS1	PSMA7
PDSS1	PSMB3
PDSS1	PSMB5
PDSS1	PSMC3
PDSS1	PSMC4
PDSS1	PSMD1
PDSS1	PSMD11
PDSS1	PSMD13
PDSS1	PSMD14
PDSS1	PSME3
PDSS1	PSMG1
PDSS1	PTTG1
PDSS1	PUM3
PDSS1	PUS1
PDSS1	PWP1
PDSS1	R3HDM2
PDSS1	RAB33B
PDSS1	RABGAP1
PDSS1	RAD51
PDSS1	RAD54L
PDSS1	RANBP1
PDSS1	RANGAP1
PDSS1	RBBP8
PDSS1	RBL1
PDSS1	RBL2
PDSS1	RBM14
PDSS1	RCC1
PDSS1	RCOR3
PDSS1	RETREG3
PDSS1	RFC2
PDSS1	RFC3
PDSS1	RFC4
PDSS1	RFWD3
PDSS1	RGL2
PDSS1	RNPEPL1
PDSS1	RPA2
PDSS1	RPA3
PDSS1	RRP9
PDSS1	RSRP1
PDSS1	RUVBL1
PDSS1	RUVBL2
PDSS1	RXRA
PDSS1	SAE1
PDSS1	SATB1
PDSS1	SEC31B
PDSS1	SECISBP2L
PDSS1	SERINC1
PDSS1	SERINC3
PDSS1	SHQ1
PDSS1	SIDT2
PDSS1	SLC25A13
PDSS1	SLC25A17
PDSS1	SLIRP
PDSS1	SMC1A
PDSS1	SMIM14
PDSS1	SNRPB
PDSS1	SNRPD1
PDSS1	SNRPF
PDSS1	SOS2
PDSS1	SPAG5
PDSS1	SPATA20
PDSS1	SPC25
PDSS1	SPDL1
PDSS1	SPSB3
PDSS1	SRPK1
PDSS1	SRRT
PDSS1	SRSF2
PDSS1	SRSF3
PDSS1	SRSF7
PDSS1	STIL
PDSS1	STIP1
PDSS1	SUV39H1
PDSS1	SUV39H2
PDSS1	TACC1
PDSS1	TAF5
PDSS1	TBC1D5
PDSS1	TBRG4
PDSS1	TCEA2
PDSS1	TCP1
PDSS1	TDG
PDSS1	TDP1
PDSS1	TFDP1
PDSS1	TFRC
PDSS1	THBS3
PDSS1	THOP1
PDSS1	TIMELESS
PDSS1	TIMM10
PDSS1	TIMM17A
PDSS1	TIMM23
PDSS1	TIMM50
PDSS1	TIMP2
PDSS1	TIPIN
PDSS1	TMEM80
PDSS1	TMUB2
PDSS1	TOMM22
PDSS1	TOP2A
PDSS1	TOPBP1
PDSS1	TPX2
PDSS1	TRIM66
PDSS1	TRIM8
PDSS1	TRIP13
PDSS1	TROAP
PDSS1	TSC22D3
PDSS1	TSPYL4
PDSS1	TTF2
PDSS1	TTK
PDSS1	TUBB
PDSS1	TUBG1
PDSS1	TUT7
PDSS1	TXNIP
PDSS1	TYMS
PDSS1	UBAP2L
PDSS1	UBE2C
PDSS1	UBL3
PDSS1	UBXN6
PDSS1	UCHL5
PDSS1	UCK2
PDSS1	ULK1
PDSS1	UMPS
PDSS1	UTP11
PDSS1	UTP14A
PDSS1	UTP20
PDSS1	VAMP4
PDSS1	VDAC1
PDSS1	VPS13B
PDSS1	VPS39
PDSS1	VRK1
PDSS1	WARS2
PDSS1	WDHD1
PDSS1	WDR12
PDSS1	WDR19
PDSS1	WDR4
PDSS1	WDR77
PDSS1	WWC3
PDSS1	XRCC4
PDSS1	XRCC5
PDSS1	YPEL2
PDSS1	YPEL3
PDSS1	YPEL5
PDSS1	YRDC
PDSS1	ZBTB20
PDSS1	ZBTB4
PDSS1	ZC3H6
PDSS1	ZER1
PDSS1	ZNF211
PDSS1	ZNF266
PDSS1	ZNF688
PDSS1	ZNF75D
PDSS1	ZNRD2
PDSS1	ZW10
PDSS1	ZWILCH
PDSS2	ABCD3
PDSS2	ABHD2
PDSS2	ACAT1
PDSS2	AGL
PDSS2	AIFM1
PDSS2	ALDH6A1
PDSS2	ANKRD33B
PDSS2	APOOL
PDSS2	AUH
PDSS2	B4GAT1
PDSS2	BAMBI
PDSS2	BBS4
PDSS2	BTG3
PDSS2	BTN2A1
PDSS2	CAMK2G
PDSS2	CASP4
PDSS2	CDK19
PDSS2	CDKN1A
PDSS2	CDKN2B
PDSS2	CLCF1
PDSS2	COMMD10
PDSS2	COX11
PDSS2	CREB3L2
PDSS2	CREM
PDSS2	CUTC
PDSS2	CWC27
PDSS2	CXCL3
PDSS2	CXCL8
PDSS2	DBI
PDSS2	DCPS
PDSS2	DFFB
PDSS2	DHRS7B
PDSS2	DUSP2
PDSS2	DYNC2LI1
PDSS2	ECHS1
PDSS2	ELP4
PDSS2	EMD
PDSS2	EMP3
PDSS2	ERFE
PDSS2	ETFB
PDSS2	F2R
PDSS2	FHL3
PDSS2	FOSL1
PDSS2	FTH1
PDSS2	FTO
PDSS2	GLCE
PDSS2	GLG1
PDSS2	GNG11
PDSS2	GSTZ1
PDSS2	GTPBP1
PDSS2	HADH
PDSS2	HAT1
PDSS2	HBS1L
PDSS2	HGS
PDSS2	HIBCH
PDSS2	HIST1H2AG
PDSS2	HIST1H3H
PDSS2	HLA-A
PDSS2	HLA-G
PDSS2	HSD17B4
PDSS2	HSDL2
PDSS2	IFIT2
PDSS2	IFIT3
PDSS2	IPO8
PDSS2	ITGB3BP
PDSS2	IVD
PDSS2	JOSD1
PDSS2	KCTD3
PDSS2	KIAA0100
PDSS2	LGMN
PDSS2	LHFPL2
PDSS2	MAFG
PDSS2	MAMLD1
PDSS2	MAP2K4
PDSS2	MAP3K8
PDSS2	MARCKS
PDSS2	MARCKSL1
PDSS2	MCCC1
PDSS2	MIPEP
PDSS2	MMP1
PDSS2	MPHOSPH9
PDSS2	MTHFD1
PDSS2	MYLIP
PDSS2	NFATC3
PDSS2	NFU1
PDSS2	NR3C1
PDSS2	NR4A3
PDSS2	OASL
PDSS2	PBX4
PDSS2	PCCB
PDSS2	PCYOX1
PDSS2	PDGFA
PDSS2	PDIK1L
PDSS2	PJA1
PDSS2	PLAUR
PDSS2	PLPBP
PDSS2	PLXNA3
PDSS2	PPA2
PDSS2	PPP1R15A
PDSS2	PPP1R18
PDSS2	PPP1R7
PDSS2	PRR7
PDSS2	RAP2B
PDSS2	RHEBL1
PDSS2	RP2
PDSS2	RPA3
PDSS2	RPE
PDSS2	RTN4IP1
PDSS2	RXRA
PDSS2	SAT1
PDSS2	SBNO2
PDSS2	SDCBP
PDSS2	SDHB
PDSS2	SERPINB1
PDSS2	SERPINB9
PDSS2	SH2B3
PDSS2	SLC2A6
PDSS2	SLC7A5
PDSS2	SLFN5
PDSS2	SMOX
PDSS2	SOCS1
PDSS2	SOD2
PDSS2	SPHK1
PDSS2	SPRED2
PDSS2	SPSB1
PDSS2	SQSTM1
PDSS2	SRC
PDSS2	STK17A
PDSS2	STX1A
PDSS2	SUCLA2
PDSS2	SUCLG2
PDSS2	SUOX
PDSS2	SYNJ2BP
PDSS2	TEX2
PDSS2	TICAM1
PDSS2	TIMP1
PDSS2	TMED10
PDSS2	TMEM132A
PDSS2	TNFAIP3
PDSS2	TPK1
PDSS2	TRAF1
PDSS2	TSPYL2
PDSS2	TYMP
PDSS2	UBE2B
PDSS2	ULBP2
PDSS2	VPS45
PDSS2	WDR61
PDSS2	XPA
COQ2	ABCE1
COQ2	ACTL6A
COQ2	ADARB1
COQ2	ADPRM
COQ2	AIFM1
COQ2	AKAP13
COQ2	AKAP8L
COQ2	ANKRA2
COQ2	ANKRD10
COQ2	ANKRD12
COQ2	AP5Z1
COQ2	APBA3
COQ2	APEH
COQ2	ARID4A
COQ2	ARRDC3
COQ2	ASH1L
COQ2	ATG14
COQ2	ATIC
COQ2	ATP5MC1
COQ2	AURKB
COQ2	BANF1
COQ2	BARD1
COQ2	BCAS3
COQ2	BCCIP
COQ2	BLM
COQ2	BRCA1
COQ2	BRD1
COQ2	BSDC1
COQ2	BTG1
COQ2	C11orf71
COQ2	C1orf112
COQ2	CACNA2D2
COQ2	CAD
COQ2	CALCOCO1
COQ2	CCDC130
COQ2	CCDC186
COQ2	CCNA2
COQ2	CCNB1
COQ2	CCNL2
COQ2	CCS
COQ2	CCT5
COQ2	CDC123
COQ2	CDC23
COQ2	CDC7
COQ2	CDKN1B
COQ2	CENPE
COQ2	CHD2
COQ2	CHMP1B
COQ2	CIR1
COQ2	CISD1
COQ2	COL7A1
COQ2	COPS3
COQ2	CREBRF
COQ2	CRY2
COQ2	CSAD
COQ2	CSE1L
COQ2	CYP3A5
COQ2	CYTH1
COQ2	DCPS
COQ2	DCTPP1
COQ2	DEPP1
COQ2	DHFR
COQ2	DNA2
COQ2	DNAAF5
COQ2	DNAJB9
COQ2	DNAJC9
COQ2	DTYMK
COQ2	DUSP10
COQ2	DUSP8
COQ2	EDN1
COQ2	ELAVL1
COQ2	EMG1
COQ2	ENOPH1
COQ2	ENTPD4
COQ2	EXOSC8
COQ2	EXOSC9
COQ2	EZH1
COQ2	FAM102A
COQ2	FAM117A
COQ2	FAM136A
COQ2	FANCI
COQ2	FH
COQ2	FXN
COQ2	GABARAPL1
COQ2	GEMIN6
COQ2	GGCT
COQ2	GOLGA8A
COQ2	GSDMB
COQ2	GTF3A
COQ2	GUF1
COQ2	HAT1
COQ2	HECA
COQ2	HIBCH
COQ2	HIVEP2
COQ2	HLA-E
COQ2	HNRNPAB
COQ2	HNRNPR
COQ2	HPF1
COQ2	HPRT1
COQ2	IL3RA
COQ2	ITGB3BP
COQ2	JUN
COQ2	KDM7A
COQ2	KIAA0355
COQ2	KIF11
COQ2	KIF20B
COQ2	KIF22
COQ2	KLC1
COQ2	KLF9
COQ2	KLHL28
COQ2	LBH
COQ2	LCOR
COQ2	LSM3
COQ2	MAP1LC3B
COQ2	MAPK8IP3
COQ2	MCM3
COQ2	MED20
COQ2	MKNK2
COQ2	MOAP1
COQ2	MRPL11
COQ2	MRPL15
COQ2	MRPL17
COQ2	MRPL19
COQ2	MRPL3
COQ2	MRPL39
COQ2	MRPL58
COQ2	MRPS15
COQ2	MTERF3
COQ2	MTHFD1
COQ2	MXD4
COQ2	MYL5
COQ2	MYLIP
COQ2	MZF1
COQ2	N4BP2L2
COQ2	NARS2
COQ2	NCAPD2
COQ2	NCAPG2
COQ2	NDC1
COQ2	NFAT5
COQ2	NME3
COQ2	NR1D1
COQ2	NUDT15
COQ2	NUP107
COQ2	NUP205
COQ2	NUP37
COQ2	NUP85
COQ2	OFD1
COQ2	OPTN
COQ2	OVGP1
COQ2	PAK1IP1
COQ2	PARP1
COQ2	PARPBP
COQ2	PBXIP1
COQ2	PCCB
COQ2	PDCD4
COQ2	PFAS
COQ2	PHF1
COQ2	PHF21A
COQ2	PIK3IP1
COQ2	PJA2
COQ2	PLD3
COQ2	PNRC1
COQ2	POLA1
COQ2	POLD2
COQ2	POLD3
COQ2	POLE2
COQ2	POLR3K
COQ2	POP7
COQ2	PPARA
COQ2	PPIH
COQ2	PPP1R15A
COQ2	PPP3CC
COQ2	PRKDC
COQ2	PRMT3
COQ2	PSMA7
COQ2	PSME3
COQ2	R3HDM1
COQ2	RAD51AP1
COQ2	RBBP8
COQ2	REL
COQ2	RFC2
COQ2	RFC3
COQ2	RFC5
COQ2	RMI1
COQ2	RPA3
COQ2	RPP40
COQ2	RPS6KA5
COQ2	RRM1
COQ2	RUVBL1
COQ2	SAE1
COQ2	SAT1
COQ2	SCAPER
COQ2	SDHAF3
COQ2	SECISBP2L
COQ2	SEH1L
COQ2	SELENOM
COQ2	SEPHS1
COQ2	SERBP1
COQ2	SERINC1
COQ2	SERPINI1
COQ2	SERTAD2
COQ2	SF3B3
COQ2	SHQ1
COQ2	SKP2
COQ2	SLC22A17
COQ2	SLC25A15
COQ2	SMC1A
COQ2	SMC2
COQ2	SMC4
COQ2	SNRNP25
COQ2	SNRPD1
COQ2	SNRPF
COQ2	SPC25
COQ2	SPSB3
COQ2	SRSF2
COQ2	SSRP1
COQ2	TIMELESS
COQ2	TIMM10
COQ2	TIPARP
COQ2	TIPIN
COQ2	TMPO
COQ2	TNFRSF25
COQ2	TOPBP1
COQ2	TOR3A
COQ2	TPX2
COQ2	TRIM23
COQ2	TSC22D2
COQ2	TSC22D3
COQ2	TSPYL2
COQ2	TTF2
COQ2	UMPS
COQ2	UNG
COQ2	UQCC2
COQ2	UQCRQ
COQ2	UTP11
COQ2	VBP1
COQ2	WBP2
COQ2	WDR12
COQ2	WDR3
COQ2	YPEL5
COQ2	ZBTB10
COQ2	ZC3H12A
COQ2	ZMPSTE24
COQ2	ZMYM5
COQ2	ZNF277
COQ2	ZSWIM8
COQ2	ZWINT
COQ4	ATP5F1D
COQ4	ATP5ME
COQ4	BCS1L
COQ4	C8orf82
COQ4	CCS
COQ4	CHID1
COQ4	DCXR
COQ4	DSE
COQ4	ECSIT
COQ4	EDF1
COQ4	EIF3K
COQ4	ELOF1
COQ4	ELP5
COQ4	GATD1
COQ4	MFSD3
COQ4	MON1A
COQ4	MRPL40
COQ4	MRPL54
COQ4	MRPL55
COQ4	MRPS26
COQ4	MRPS34
COQ4	NDUFA2
COQ4	NDUFA3
COQ4	NDUFB10
COQ4	NDUFB11
COQ4	NDUFS3
COQ4	NDUFS8
COQ4	PMVK
COQ4	POLR2I
COQ4	PPAN
COQ4	PQBP1
COQ4	RAB8B
COQ4	SLC6A8
COQ4	SPACA9
COQ4	SUCLG1
COQ4	SURF1
COQ4	THAP7
COQ4	TLE2
COQ4	TXN2
COQ5	AAAS
COQ5	ABHD17A
COQ5	ABI1
COQ5	ACTN1
COQ5	ADORA2B
COQ5	AMD1
COQ5	ANKRD11
COQ5	ANTXR2
COQ5	ARAF
COQ5	ARID3B
COQ5	ARMC7
COQ5	ASAP1
COQ5	ATIC
COQ5	ATP11B
COQ5	ATP5MC2
COQ5	AUH
COQ5	BID
COQ5	BIRC2
COQ5	BLZF1
COQ5	C7orf25
COQ5	CACTIN
COQ5	CASP4
COQ5	CBX5
COQ5	CD47
COQ5	CGRRF1
COQ5	CHCHD4
COQ5	CHCHD5
COQ5	CHIC2
COQ5	CHPF2
COQ5	CMPK2
COQ5	CNST
COQ5	COX7C
COQ5	CPEB2
COQ5	CPSF3
COQ5	CREBRF
COQ5	CSTF1
COQ5	CYB5R4
COQ5	CYREN
COQ5	DCP1B
COQ5	DFFA
COQ5	DGKD
COQ5	DHRS4L2
COQ5	DNAJA3
COQ5	DNAJB6
COQ5	DNM3
COQ5	DPY30
COQ5	DUSP28
COQ5	DYNLT3
COQ5	ECI1
COQ5	EHD1
COQ5	EIF4G2
COQ5	ELF1
COQ5	ERLIN2
COQ5	EXOC4
COQ5	FASTKD5
COQ5	FBRS
COQ5	FBRSL1
COQ5	FERMT3
COQ5	FGFR1OP2
COQ5	FKBP3
COQ5	GALK2
COQ5	GNA13
COQ5	GSTCD
COQ5	GTPBP1
COQ5	HGS
COQ5	HIBADH
COQ5	HIST1H3A
COQ5	HLA-E
COQ5	HNRNPUL2
COQ5	IDS
COQ5	IFI44
COQ5	IFT140
COQ5	IKZF5
COQ5	ILK
COQ5	ING5
COQ5	INIP
COQ5	IRAK2
COQ5	IRF7
COQ5	ITGA2
COQ5	ITGB5
COQ5	JOSD1
COQ5	KDELR1
COQ5	KIFC3
COQ5	KNOP1
COQ5	L2HGDH
COQ5	LOX
COQ5	LSMEM1
COQ5	LYSMD3
COQ5	MAP3K5
COQ5	MARCH6
COQ5	MCTP1
COQ5	MECR
COQ5	MFSD14A
COQ5	MICALL2
COQ5	MIER1
COQ5	MIGA2
COQ5	MKS1
COQ5	MLLT11
COQ5	MLXIP
COQ5	MMP1
COQ5	MOB2
COQ5	MOB4
COQ5	MPV17
COQ5	MRM2
COQ5	MRPS27
COQ5	MRPS9
COQ5	MTCH1
COQ5	MTFMT
COQ5	MTURN
COQ5	NAPA
COQ5	NAXE
COQ5	NCK2
COQ5	NDUFB1
COQ5	NDUFB10
COQ5	NFAT5
COQ5	NMNAT1
COQ5	NPPA
COQ5	NT5C
COQ5	NUCKS1
COQ5	NXT2
COQ5	OGFR
COQ5	OXTR
COQ5	PCK2
COQ5	PDK1
COQ5	PDSS2
COQ5	PHF1
COQ5	PHF20L1
COQ5	PIGX
COQ5	PITPNM2
COQ5	PJA2
COQ5	PKP4
COQ5	PLPBP
COQ5	PNMA1
COQ5	PPA2
COQ5	PPP1CB
COQ5	PPP1R12C
COQ5	PPP2R2D
COQ5	PRKCQ
COQ5	PSD3
COQ5	PTOV1
COQ5	QKI
COQ5	R3HDM4
COQ5	RAB8B
COQ5	RASA3
COQ5	REXO1
COQ5	RHOF
COQ5	RIOK3
COQ5	RNF103
COQ5	RNF11
COQ5	RNF126
COQ5	RO60
COQ5	RPUSD3
COQ5	SEMA4D
COQ5	SENP5
COQ5	SETDB1
COQ5	SGSM3
COQ5	SH2B3
COQ5	SH3GL1
COQ5	SKP1
COQ5	SLAIN2
COQ5	SLC39A11
COQ5	SMIM27
COQ5	SMPD1
COQ5	SNPH
COQ5	SOD2
COQ5	SPOCD1
COQ5	SRD5A3
COQ5	SRSF2
COQ5	ST3GAL1
COQ5	STK19
COQ5	STK40
COQ5	SUSD1
COQ5	SVIL
COQ5	TAB2
COQ5	TBC1D15
COQ5	TBC1D20
COQ5	TCTN3
COQ5	TGFB1
COQ5	TLE5
COQ5	TMA16
COQ5	TMEM158
COQ5	TMEM189
COQ5	TMEM259
COQ5	TMEM88
COQ5	TMLHE
COQ5	TPD52L2
COQ5	TPRG1L
COQ5	TRAM1
COQ5	TRAPPC10
COQ5	TRIM35
COQ5	TRUB2
COQ5	TSC22D1
COQ5	TSPYL2
COQ5	TUBB1
COQ5	TUBB2A
COQ5	TUFM
COQ5	UBE2B
COQ5	USF3
COQ5	USP9X
COQ5	VPS37B
COQ5	WDR26
COQ5	YEATS2
COQ5	YPEL5
COQ5	ZC3H11A
COQ5	ZCRB1
COQ5	ZEB2
COQ5	ZFAND2B
COQ5	ZFP64
COQ5	ZNFX1
COQ5	ZNRF2
COQ6	ABCB8
COQ6	ABI2
COQ6	AC015871.1
COQ6	ACAD10
COQ6	ACTN1
COQ6	ACTR3
COQ6	ADCK5
COQ6	AFTPH
COQ6	AKIRIN1
COQ6	ALOX12
COQ6	ANTKMT
COQ6	AP2A2
COQ6	ATP2C1
COQ6	AZIN1
COQ6	BARD1
COQ6	BLOC1S5
COQ6	C18orf54
COQ6	C1orf112
COQ6	C8orf88
COQ6	CAMTA1
COQ6	CCDC18
COQ6	CD40
COQ6	CD82
COQ6	CDC42SE2
COQ6	CDK1
COQ6	CDK2AP1
COQ6	CDYL
COQ6	CENPU
COQ6	CFAP410
COQ6	CISD2
COQ6	CMTM6
COQ6	CNN2
COQ6	CNTLN
COQ6	COG4
COQ6	COQ4
COQ6	CRKL
COQ6	CTSF
COQ6	CXCL16
COQ6	DCHS1
COQ6	DIMT1
COQ6	DNAJB6
COQ6	DSE
COQ6	DTD1
COQ6	EIF3J
COQ6	EIF4E
COQ6	FAM104A
COQ6	FAM110A
COQ6	FAR2
COQ6	FRMD8
COQ6	GLUL
COQ6	GNA15
COQ6	GPD2
COQ6	GRK3
COQ6	GTDC1
COQ6	HLA-A
COQ6	HMGA1
COQ6	HPSE
COQ6	HTATIP2
COQ6	IFT172
COQ6	IGF2BP2
COQ6	IL11RA
COQ6	ILRUN
COQ6	ING2
COQ6	IRAK2
COQ6	IRF2
COQ6	ITM2A
COQ6	IVNS1ABP
COQ6	JAK3
COQ6	JARID2
COQ6	KCMF1
COQ6	KIF20B
COQ6	KIF2A
COQ6	KIFC2
COQ6	KLHL20
COQ6	LIMS1
COQ6	LOXL4
COQ6	LYN
COQ6	LYPLA1
COQ6	M1AP
COQ6	MAGOHB
COQ6	MCM2
COQ6	METRN
COQ6	MFF
COQ6	MLYCD
COQ6	MOK
COQ6	MORF4L1
COQ6	MPZL3
COQ6	MRS2
COQ6	MSANTD3
COQ6	MTHFD2
COQ6	MTRR
COQ6	MYCBP
COQ6	MYL12A
COQ6	MZT1
COQ6	NAA50
COQ6	NAP1L1
COQ6	NISCH
COQ6	NLK
COQ6	NMI
COQ6	NOXA1
COQ6	NRAS
COQ6	NUDT21
COQ6	NXT2
COQ6	P2RY1
COQ6	PABPC1
COQ6	PAN2
COQ6	PANX1
COQ6	PCED1B
COQ6	PCYT1B
COQ6	PEX6
COQ6	PHYKPL
COQ6	PLA2G4A
COQ6	PLS3
COQ6	PLSCR1
COQ6	POMP
COQ6	PPBP
COQ6	PPM1N
COQ6	PPP6C
COQ6	PRDX6
COQ6	PSMF1
COQ6	PTBP1
COQ6	PTPRF
COQ6	QKI
COQ6	R3HDM4
COQ6	RAB31
COQ6	RAB38
COQ6	RAB5A
COQ6	RAP1A
COQ6	SAT1
COQ6	SCLT1
COQ6	SEL1L3
COQ6	SENP1
COQ6	SEPTIN1
COQ6	SF3A2
COQ6	SGSM2
COQ6	SH2B2
COQ6	SIK2
COQ6	SLC25A42
COQ6	SLC26A1
COQ6	SLC37A1
COQ6	SLC6A6
COQ6	SLC8A3
COQ6	SPCS3
COQ6	SPG7
COQ6	STAT1
COQ6	STK24
COQ6	STK26
COQ6	STK4
COQ6	STRAP
COQ6	STRN
COQ6	STRN4
COQ6	STX6
COQ6	SYK
COQ6	TAB2
COQ6	TCHH
COQ6	TCTN1
COQ6	TDP2
COQ6	TGFB3
COQ6	TMEM134
COQ6	TMEM258
COQ6	TMEM50A
COQ6	TMX1
COQ6	TNPO1
COQ6	TOR4A
COQ6	TPST2
COQ6	TRAF7
COQ6	UBE2A
COQ6	UBE2C
COQ6	UBE2D3
COQ6	UBE2G1
COQ6	UBE2L3
COQ6	UBE2L6
COQ6	UCKL1
COQ6	UHRF1BP1
COQ6	USP10
COQ6	USP9X
COQ6	VOPP1
COQ6	VPS11
COQ6	VPS16
COQ6	YBX3
COQ6	ZFP30
COQ6	ZNF267
COQ6	ZNF783
COQ6	ZNF846
COQ7	ABHD4
COQ7	ACAP3
COQ7	ADIPOR1
COQ7	AGFG2
COQ7	ALG13
COQ7	ALG6
COQ7	ALG8
COQ7	ALOX5
COQ7	AMPD2
COQ7	ANKRD9
COQ7	AP2M1
COQ7	AP2S1
COQ7	ARHGAP4
COQ7	ARHGDIB
COQ7	BBC3
COQ7	BBIP1
COQ7	BCKDK
COQ7	BCLAF3
COQ7	BCR
COQ7	BEX1
COQ7	BMP8B
COQ7	C17orf75
COQ7	C2CD5
COQ7	C9orf16
COQ7	CARD19
COQ7	CARF
COQ7	CCDC28B
COQ7	CCDC85B
COQ7	CCDC90B
COQ7	CCS
COQ7	CD151
COQ7	CD82
COQ7	CDKAL1
COQ7	CDR2L
COQ7	CEP63
COQ7	CHEK2
COQ7	CHMP4B
COQ7	CIRBP
COQ7	CITED4
COQ7	CKB
COQ7	CLDN5
COQ7	CLUAP1
COQ7	COA1
COQ7	COX10
COQ7	CPTP
COQ7	CRYM
COQ7	CST3
COQ7	CTDNEP1
COQ7	CYB5B
COQ7	CYP20A1
COQ7	DARS2
COQ7	DHX35
COQ7	DLAT
COQ7	DNAJB2
COQ7	DNM1
COQ7	DOP1B
COQ7	ECM1
COQ7	ELK1
COQ7	EMC2
COQ7	EMILIN1
COQ7	EML3
COQ7	ENG
COQ7	ENO1
COQ7	EPS8L1
COQ7	ERI2
COQ7	ETV6
COQ7	EVA1B
COQ7	EXOSC8
COQ7	FAM118A
COQ7	FAM210B
COQ7	FAM50A
COQ7	FH
COQ7	FOSL1
COQ7	FOXC1
COQ7	FXYD5
COQ7	FYN
COQ7	GAMT
COQ7	GIN1
COQ7	GIT1
COQ7	GNA15
COQ7	GNAI2
COQ7	GNAO1
COQ7	GPSM3
COQ7	GTF2F2
COQ7	GTF3C3
COQ7	GUK1
COQ7	HDDC2
COQ7	HGS
COQ7	HK1
COQ7	HLA-G
COQ7	HOMER3
COQ7	HPCAL1
COQ7	HSF1
COQ7	IDS
COQ7	IFT74
COQ7	IGF1R
COQ7	IMPACT
COQ7	INF2
COQ7	ING3
COQ7	INPPL1
COQ7	INTS2
COQ7	INTS7
COQ7	IP6K1
COQ7	IRAK4
COQ7	IRF7
COQ7	ITGB3BP
COQ7	ITGB5
COQ7	KAT5
COQ7	KHK
COQ7	KIAA2013
COQ7	KIF22
COQ7	KIF3C
COQ7	KIFC3
COQ7	LAMB2
COQ7	LANCL1
COQ7	LAPTM5
COQ7	LCP1
COQ7	LIG3
COQ7	LMNA
COQ7	LOX
COQ7	LOXL3
COQ7	LPL
COQ7	LRRFIP1
COQ7	LSR
COQ7	LTBP4
COQ7	MAOB
COQ7	MAP1S
COQ7	MAP2K3
COQ7	MARK4
COQ7	METTL4
COQ7	MINDY3
COQ7	MMP24OS
COQ7	MRRF
COQ7	MSH2
COQ7	MTX2
COQ7	MXRA7
COQ7	NAT14
COQ7	NBEAL2
COQ7	NBN
COQ7	NDST1
COQ7	NDUFV3
COQ7	NECTIN2
COQ7	NES
COQ7	NLRX1
COQ7	NME4
COQ7	NR1D1
COQ7	NRROS
COQ7	NUBP1
COQ7	OBI1
COQ7	OSBP2
COQ7	OXR1
COQ7	P3H1
COQ7	PAAF1
COQ7	PDSS1
COQ7	PECAM1
COQ7	PEX3
COQ7	PFAS
COQ7	PFKL
COQ7	PIGN
COQ7	PIGP
COQ7	PITPNM1
COQ7	PJA1
COQ7	PLA2G4C
COQ7	PLCB3
COQ7	PLD3
COQ7	PLIN3
COQ7	PNPLA4
COQ7	POLI
COQ7	POLR3C
COQ7	POMC
COQ7	PORCN
COQ7	PPDPF
COQ7	PPP1R18
COQ7	PRR7
COQ7	PRRG2
COQ7	QRSL1
COQ7	R3HDM4
COQ7	RALBP1
COQ7	RAP1A
COQ7	RBM23
COQ7	RBM38
COQ7	RBMX2
COQ7	RFNG
COQ7	RGCC
COQ7	RHBDF1
COQ7	RHOG
COQ7	RIOK3
COQ7	RMDN1
COQ7	RNPEPL1
COQ7	RRAS
COQ7	RRP15
COQ7	RWDD2B
COQ7	RXYLT1
COQ7	S100A16
COQ7	SCAND1
COQ7	SCYL3
COQ7	SEMA7A
COQ7	SENP6
COQ7	SETD4
COQ7	SETDB1
COQ7	SH3KBP1
COQ7	SH3PXD2A
COQ7	SIPA1
COQ7	SLC10A3
COQ7	SLC35E1
COQ7	SLC38A1
COQ7	SLC38A5
COQ7	SLC39A4
COQ7	SLC4A11
COQ7	SLC6A4
COQ7	SMOX
COQ7	SMTN
COQ7	SMYD4
COQ7	SNX16
COQ7	SPARC
COQ7	SPON2
COQ7	SRBD1
COQ7	SRC
COQ7	ST3GAL4
COQ7	STAMBPL1
COQ7	STARD3
COQ7	STAT3
COQ7	STUB1
COQ7	SYNJ2
COQ7	TADA2A
COQ7	TBC1D31
COQ7	TCEAL3
COQ7	TGOLN2
COQ7	TIMP1
COQ7	TIPIN
COQ7	TM4SF1
COQ7	TMEM65
COQ7	TMEM8A
COQ7	TNNC2
COQ7	TPST2
COQ7	TSPYL2
COQ7	TUBG2
COQ7	UBTD1
COQ7	UNC13D
COQ7	UTP20
COQ7	UTP25
COQ7	VPS37B
COQ7	VPS45
COQ7	VPS50
COQ7	VWA1
COQ7	WWC3
COQ7	XPO4
COQ7	YPEL3
COQ7	ZBTB7B
COQ7	ZNF16
COQ7	ZSCAN25
COQ8a	ACADSB
COQ8a	ACOT9
COQ8a	AGO1
COQ8a	AKAP1
COQ8a	ARNTL2
COQ8a	BICRAL
COQ8a	BRD3
COQ8a	BZW1
COQ8a	C2orf68
COQ8a	CAMK2G
COQ8a	CBX7
COQ8a	CCDC28A
COQ8a	CCNYL1
COQ8a	CDKN1A
COQ8a	CENPN
COQ8a	CEP68
COQ8a	CFLAR
COQ8a	CHAC1
COQ8a	CHEK1
COQ8a	CKAP4
COQ8a	CNNM3
COQ8a	CRBN
COQ8a	CSAD
COQ8a	CSNK1A1
COQ8a	CTSF
COQ8a	DSE
COQ8a	EDEM1
COQ8a	EIF2D
COQ8a	EIF4B
COQ8a	EXOG
COQ8a	FAM117A
COQ8a	FAM117B
COQ8a	FHL2
COQ8a	FOXC1
COQ8a	FOXN3
COQ8a	FRAT1
COQ8a	FRAT2
COQ8a	FST
COQ8a	GAA
COQ8a	GARS
COQ8a	GBP1
COQ8a	GOLT1B
COQ8a	HACD1
COQ8a	HAUS2
COQ8a	HDAC5
COQ8a	HRH1
COQ8a	HSPA13
COQ8a	IL1A
COQ8a	INSR
COQ8a	ITGA2
COQ8a	ITGB8
COQ8a	JAG1
COQ8a	LAMB3
COQ8a	LETMD1
COQ8a	LIMS1
COQ8a	LPXN
COQ8a	LRP12
COQ8a	MALT1
COQ8a	MAP4K4
COQ8a	MARCKS
COQ8a	MAST3
COQ8a	MASTL
COQ8a	MELK
COQ8a	METTL7A
COQ8a	MTA1
COQ8a	MXI1
COQ8a	MYO1C
COQ8a	MYOF
COQ8a	NABP1
COQ8a	NETO2
COQ8a	NRP1
COQ8a	NUP58
COQ8a	OGT
COQ8a	OPTN
COQ8a	ORMDL2
COQ8a	OSMR
COQ8a	P4HA2
COQ8a	PAN2
COQ8a	PANX1
COQ8a	PCMTD2
COQ8a	PDCD5
COQ8a	PEX5
COQ8a	PEX6
COQ8a	PFKP
COQ8a	PHF3
COQ8a	PHLDA2
COQ8a	PI4K2B
COQ8a	PKM
COQ8a	PLCL2
COQ8a	PTS
COQ8a	RAB1A
COQ8a	RAP1GDS1
COQ8a	RNASET2
COQ8a	RNF44
COQ8a	RSAD1
COQ8a	S100A11
COQ8a	S100A2
COQ8a	SCAP
COQ8a	SERPINB8
COQ8a	SERPINH1
COQ8a	SESN1
COQ8a	SGCB
COQ8a	SKIL
COQ8a	SLC2A6
COQ8a	SLC3A2
COQ8a	SLC7A11
COQ8a	SMOX
COQ8a	SPATS2L
COQ8a	SPHK1
COQ8a	SPPL2A
COQ8a	SPRED2
COQ8a	SYF2
COQ8a	SYNJ2
COQ8a	TAF13
COQ8a	TCFL5
COQ8a	TLCD3A
COQ8a	TMEM165
COQ8a	TMEM185B
COQ8a	TNFRSF12A
COQ8a	TNRC6B
COQ8a	TPBG
COQ8a	TPM4
COQ8a	TRAF1
COQ8a	TRAPPC6A
COQ8a	TUBB6
COQ8a	UBA6
COQ8a	ULK1
COQ8a	ZBED1
COQ8a	ZBTB44
COQ8a	ZNF581
COQ8a	ZNF652
COQ8a	ZNF692
COQ8b	AAAS
COQ8b	AAMP
COQ8b	ABHD8
COQ8b	ACOT11
COQ8b	ACSF3
COQ8b	ACTR1B
COQ8b	ACTR2
COQ8b	ADAM15
COQ8b	ADCK2
COQ8b	ADCK5
COQ8b	AIDA
COQ8b	ALDH16A1
COQ8b	ALDH3B1
COQ8b	ALG13
COQ8b	ANKS3
COQ8b	ANO6
COQ8b	ANTKMT
COQ8b	AP1S2
COQ8b	APEX2
COQ8b	ARCN1
COQ8b	ARFGAP1
COQ8b	ARMC6
COQ8b	ASAP1
COQ8b	ASPHD1
COQ8b	ATF2
COQ8b	ATL3
COQ8b	ATP13A1
COQ8b	ATP6V0E2
COQ8b	AXIN1
COQ8b	BAIAP2
COQ8b	BAIAP3
COQ8b	BCL2L12
COQ8b	BIRC2
COQ8b	BLZF1
COQ8b	BRAT1
COQ8b	BRMS1
COQ8b	C11orf58
COQ8b	C17orf97
COQ8b	CA13
COQ8b	CABIN1
COQ8b	CADM4
COQ8b	CALU
COQ8b	CAPN10
COQ8b	CAPS
COQ8b	CAPZA1
COQ8b	CBX8
COQ8b	CCDC151
COQ8b	CCDC157
COQ8b	CCDC159
COQ8b	CCDC18
COQ8b	CCDC24
COQ8b	CCDC57
COQ8b	CCDC82
COQ8b	CCDC88B
COQ8b	CD226
COQ8b	CDC27
COQ8b	CDC42
COQ8b	CDK5
COQ8b	CEP131
COQ8b	CEP164
COQ8b	CERS4
COQ8b	CFAP410
COQ8b	CHID1
COQ8b	CHTF18
COQ8b	CIAO3
COQ8b	CLIC4
COQ8b	CLIP1
COQ8b	CMC2
COQ8b	CNST
COQ8b	COG4
COQ8b	COG7
COQ8b	COQ9
COQ8b	CORO7
COQ8b	CPLANE2
COQ8b	CRACR2B
COQ8b	CREG1
COQ8b	CRELD2
COQ8b	CROCC
COQ8b	CSDE1
COQ8b	CTSF
COQ8b	CUEDC1
COQ8b	CXXC1
COQ8b	CYB561D2
COQ8b	CYC1
COQ8b	CYHR1
COQ8b	DBP
COQ8b	DCUN1D1
COQ8b	DDX49
COQ8b	DEAF1
COQ8b	DENND6B
COQ8b	DMAP1
COQ8b	DNAH2
COQ8b	DNM1L
COQ8b	DUS3L
COQ8b	DUSP23
COQ8b	ECSIT
COQ8b	EFR3A
COQ8b	EHBP1
COQ8b	EIF5
COQ8b	ELF1
COQ8b	EML2
COQ8b	EPS15
COQ8b	ERBIN
COQ8b	ERCC2
COQ8b	FAAP100
COQ8b	FAAP20
COQ8b	FAM20B
COQ8b	FAM98C
COQ8b	FCHO1
COQ8b	FIP1L1
COQ8b	FIS1
COQ8b	FLYWCH1
COQ8b	FLYWCH2
COQ8b	FNBP1L
COQ8b	FOPNL
COQ8b	FUZ
COQ8b	FZR1
COQ8b	GAA
COQ8b	GALK1
COQ8b	GCAT
COQ8b	GGA1
COQ8b	GNA13
COQ8b	GNB1L
COQ8b	GNG11
COQ8b	HAGHL
COQ8b	HDAC11
COQ8b	HDDC3
COQ8b	HDHD3
COQ8b	HEXD
COQ8b	HIST3H2A
COQ8b	HSD11B1L
COQ8b	IFT140
COQ8b	IL17RC
COQ8b	IL6ST
COQ8b	ILVBL
COQ8b	IMPA2
COQ8b	INTS5
COQ8b	IPO13
COQ8b	IRF2BP1
COQ8b	ISOC2
COQ8b	JMJD4
COQ8b	JOSD2
COQ8b	KAT2A
COQ8b	KCTD9
COQ8b	KIDINS220
COQ8b	KLHL22
COQ8b	KMT5C
COQ8b	KRBA1
COQ8b	KRI1
COQ8b	LGALSL
COQ8b	LIN7C
COQ8b	LIPE
COQ8b	LMF1
COQ8b	LMTK3
COQ8b	LPP
COQ8b	LRFN4
COQ8b	LRP12
COQ8b	LRRC14
COQ8b	LRRC45
COQ8b	LRRC56
COQ8b	LSM14A
COQ8b	LYPLA2
COQ8b	MACROD1
COQ8b	MAP3K7CL
COQ8b	MCAT
COQ8b	MECR
COQ8b	MED13
COQ8b	MED25
COQ8b	MEGF8
COQ8b	MEN1
COQ8b	METRN
COQ8b	MFSD3
COQ8b	MICOS13
COQ8b	MIER1
COQ8b	MIIP
COQ8b	MLST8
COQ8b	MMAB
COQ8b	MOB1A
COQ8b	MOB1B
COQ8b	MOSPD3
COQ8b	MPV17L2
COQ8b	MRM1
COQ8b	MROH6
COQ8b	MRPL28
COQ8b	MRPS12
COQ8b	MRPS34
COQ8b	MVB12A
COQ8b	MVK
COQ8b	MYPOP
COQ8b	NAA80
COQ8b	NAGLU
COQ8b	NAPG
COQ8b	NAPRT
COQ8b	NAT14
COQ8b	NAT9
COQ8b	NAXE
COQ8b	NCKAP5L
COQ8b	NCOA3
COQ8b	NCOR1
COQ8b	NEK7
COQ8b	NEXN
COQ8b	NISCH
COQ8b	NLE1
COQ8b	NLRX1
COQ8b	NMRAL1
COQ8b	NRAS
COQ8b	NRIP1
COQ8b	NT5C
COQ8b	NTHL1
COQ8b	NUDT1
COQ8b	NUDT22
COQ8b	NUMBL
COQ8b	OCEL1
COQ8b	OPA1
COQ8b	OPRL1
COQ8b	OSGIN2
COQ8b	PAFAH1B1
COQ8b	PC
COQ8b	PCOLCE
COQ8b	PEA15
COQ8b	PELI3
COQ8b	PEX11G
COQ8b	PEX16
COQ8b	PGLS
COQ8b	PGPEP1
COQ8b	PHACTR2
COQ8b	PHB
COQ8b	PHF20L1
COQ8b	PICK1
COQ8b	PIGQ
COQ8b	PIGT
COQ8b	PLD2
COQ8b	PLEKHH3
COQ8b	PLPP2
COQ8b	PLS3
COQ8b	PNKP
COQ8b	PODNL1
COQ8b	POGK
COQ8b	PORCN
COQ8b	PPFIA1
COQ8b	PPP1R12A
COQ8b	PPP1R37
COQ8b	PPP1R3F
COQ8b	PPP2CB
COQ8b	PPP5C
COQ8b	PRICKLE3
COQ8b	PTPN12
COQ8b	PTPRU
COQ8b	QARS
COQ8b	QKI
COQ8b	QTRT1
COQ8b	R3HCC1
COQ8b	RAB21
COQ8b	RAB34
COQ8b	RAB36
COQ8b	RAB3A
COQ8b	RABEP2
COQ8b	RABL3
COQ8b	RBBP6
COQ8b	RBX1
COQ8b	RDX
COQ8b	RECQL4
COQ8b	RECQL5
COQ8b	REEP4
COQ8b	RFX1
COQ8b	RFXANK
COQ8b	RGS14
COQ8b	RHBDD3
COQ8b	RHOT2
COQ8b	RHPN1
COQ8b	RIN1
COQ8b	RMC1
COQ8b	RNF11
COQ8b	RNF115
COQ8b	RO60
COQ8b	ROCK2
COQ8b	RP2
COQ8b	RPS6KA4
COQ8b	RPS6KB2
COQ8b	RUSC1
COQ8b	SCAND1
COQ8b	SCRN2
COQ8b	SEMA6C
COQ8b	SENP5
COQ8b	SEPTIN2
COQ8b	SESTD1
COQ8b	SGSM2
COQ8b	SH2B1
COQ8b	SHMT1
COQ8b	SIRT3
COQ8b	SLC12A9
COQ8b	SLC22A18
COQ8b	SLC25A6
COQ8b	SLC27A1
COQ8b	SLC35C1
COQ8b	SLC37A4
COQ8b	SLC8B1
COQ8b	SNAP47
COQ8b	SNX17
COQ8b	SNX33
COQ8b	SOX12
COQ8b	SPCS3
COQ8b	SPHK2
COQ8b	SPPL2B
COQ8b	SPTBN2
COQ8b	SREBF1
COQ8b	SRSF10
COQ8b	ST14
COQ8b	ST5
COQ8b	STRN
COQ8b	STXBP3
COQ8b	SYNGR1
COQ8b	SYTL1
COQ8b	TAF6L
COQ8b	TAOK1
COQ8b	TARS2
COQ8b	TBC1D20
COQ8b	TBL3
COQ8b	TBX6
COQ8b	TCF25
COQ8b	TFAP4
COQ8b	THAP7
COQ8b	THOC2
COQ8b	THOP1
COQ8b	TMEM161A
COQ8b	TMEM167B
COQ8b	TMEM173
COQ8b	TMEM175
COQ8b	TMEM53
COQ8b	TMOD3
COQ8b	TNPO1
COQ8b	TP53BP2
COQ8b	TP53I11
COQ8b	TP53I13
COQ8b	TPP2
COQ8b	TRABD
COQ8b	TRAK2
COQ8b	TRAM1
COQ8b	TRAP1
COQ8b	TRAPPC2
COQ8b	TRAPPC2L
COQ8b	TRAPPC6B
COQ8b	TRMT2A
COQ8b	TRPT1
COQ8b	TSC22D1
COQ8b	TSEN34
COQ8b	TSNAXIP1
COQ8b	TSSK6
COQ8b	TTC12
COQ8b	TTLL11
COQ8b	TXN2
COQ8b	UBXN2A
COQ8b	UGP2
COQ8b	UNC119
COQ8b	USP12
COQ8b	USP47
COQ8b	USP9X
COQ8b	UXS1
COQ8b	VPS37A
COQ8b	VPS51
COQ8b	VRK2
COQ8b	VTA1
COQ8b	WDR18
COQ8b	WDR24
COQ8b	WDR26
COQ8b	WDR44
COQ8b	WDR74
COQ8b	WRAP53
COQ8b	YDJC
COQ8b	ZBTB45
COQ8b	ZC3H7A
COQ8b	ZDHHC24
COQ8b	ZMAT5
COQ8b	ZNF205
COQ8b	ZNF207
COQ8b	ZNF24
COQ8b	ZNF267
COQ8b	ZNF324B
COQ8b	ZNF446
COQ8b	ZNF48
COQ8b	ZNF500
COQ8b	ZNF576
COQ8b	ZNF584
COQ8b	ZNF629
COQ8b	ZNF644
COQ8b	ZNF687
COQ8b	ZNHIT2
COQ9	ABCB8
COQ9	ACOT11
COQ9	AFMID
COQ9	ALDH16A1
COQ9	ANTKMT
COQ9	ARFIP2
COQ9	ARMC6
COQ9	ASAP1
COQ9	ATP2C1
COQ9	C19orf47
COQ9	C19orf57
COQ9	CD47
COQ9	CDPF1
COQ9	CES2
COQ9	COG4
COQ9	COQ8B
COQ9	CPLANE2
COQ9	CRTC1
COQ9	DCAKD
COQ9	DDX49
COQ9	DNM3
COQ9	EMC10
COQ9	EML3
COQ9	FAHD2A
COQ9	FIZ1
COQ9	FLYWCH2
COQ9	HDAC11
COQ9	HEXD
COQ9	KCTD15
COQ9	LRRC27
COQ9	LYN
COQ9	LYPLA2
COQ9	MCUB
COQ9	MED18
COQ9	MEGF8
COQ9	MORN1
COQ9	MRPL34
COQ9	MSN
COQ9	MZF1
COQ9	NDUFA3
COQ9	NDUFS7
COQ9	NECAB3
COQ9	NISCH
COQ9	NMNAT1
COQ9	PAFAH2
COQ9	PGPEP1
COQ9	PICK1
COQ9	POLR3H
COQ9	PSKH1
COQ9	PWWP2B
COQ9	QTRT1
COQ9	RALGPS1
COQ9	RECQL5
COQ9	RGS12
COQ9	RIPK2
COQ9	SAMD10
COQ9	SFXN5
COQ9	SH3BP1
COQ9	SHOC2
COQ9	SHROOM2
COQ9	SIRT3
COQ9	SRGAP2
COQ9	STAG2
COQ9	SUCO
COQ9	SULT1A1
COQ9	TBK1
COQ9	TECR
COQ9	THAP7
COQ9	TIRAP
COQ9	TMEM143
COQ9	TMEM222
COQ9	TMEM80
COQ9	TP53BP2
COQ9	TPM4
COQ9	VRK2
COQ9	ZBTB7C
COQ9	ZKSCAN3
COQ9	ZNF267
COQ9	ZNF345
COQ9	ZNF446
COQ9	ZNF500
COQ9	ZNF576
COQ9	ZNF599
COQ9	ZNF627
COQ9	ZNF74
COQ9	ZNF785
